model,nll,div12,avg_own_elast
Plain (no ξ),15047.326894969938,0.2503513862503076,-0.4859748150026666
Restricted (ξ only),16094.37912429094,0.25,NaN
"Mixed (MSL, MC R=100)",15761.117002394418,0.24998276708897998,-0.21588213659758634
"Mixed (MSL, Gauss–Hermite K=20)",15761.117002394418,0.24998276708897998,-0.21588213659758632
MSM (efficient 2-step),16572.997162358177,0.25061182368543783,-0.654973663417568
